{"cameraMode":{"drawMode":0,"name":"Shaded","section":"Shading Mode"},"sceneLighting":false,"audioPlay":false,"sceneViewState":{"showFog":true,"showMaterialUpdate":false,"showSkybox":true,"showFlares":true,"showImageEffects":true,"showParticleSystems":true},"in2DMode":false,"pivot":{"x":-2.049865245819092,"y":21.632144927978517,"z":3.649019241333008},"rotation":{"x":0.6276727318763733,"y":0.18247200548648835,"z":-0.15460023283958436,"w":0.7408310174942017},"size":4.2861008644104,"orthographic":true}