{"cameraMode":{"drawMode":0,"name":"Shaded","section":"Shading Mode"},"sceneLighting":false,"audioPlay":false,"sceneViewState":{"showFog":true,"showMaterialUpdate":false,"showSkybox":false,"showFlares":true,"showImageEffects":true,"showParticleSystems":true},"in2DMode":false,"pivot":{"x":-7.000579833984375,"y":-1.7701044082641602,"z":-3.019214630126953},"rotation":{"x":0.5841140747070313,"y":0.044988662004470828,"z":-0.03245166689157486,"w":0.8097739815711975},"size":14.289420127868653,"orthographic":false}